id,Q1,Q2,Q3,Q4,Q5,Q6,Q7,Q8,Q9,Q10,F1,F2,F3,ai_label,manual_label,ai_reason
7,A,A,A,B,A,B,A,D,C,B,0,0,0,I,H,核心匹配：特禀质 | 核心特征：Q8=D(过敏史) | 扰动(1处)：Q4 A→B | 含噪声
9,D,C,A,D,A,C,A,A,D,C,1,1,1,B,E,核心匹配：气虚质 | 核心特征：Q1=D(疲劳气短) | 扰动(4处)：Q4 C→D; Q6 B→C; Q9 C→D; F3 0→1 | 含噪声
24,C,A,D,A,A,B,A,A,C,C,1,1,0,D,F,"核心匹配：阴虚质 | 核心特征：Q3=D(口干冷饮), Q10=C(二便状况) | 扰动(1处)：F3 1→0 | 含噪声"
27,C,D,A,C,B,B,B,B,C,C,1,1,0,C,B,核心匹配：阳虚质 | 核心特征：Q2=D(怕冷肢凉) | 扰动(3处)：Q5 A→B; Q8 A→B; F3 1→0 | 含噪声
32,D,C,A,C,A,B,A,A,D,C,1,1,1,B,C,核心匹配：气虚质 | 核心特征：Q1=D(疲劳气短) | 扰动(2处)：Q9 C→D; F3 0→1 | 含噪声
64,D,D,A,C,A,B,B,A,B,B,1,1,0,C,B,核心匹配：阳虚质 | 核心特征：Q2=D(怕冷肢凉) | 扰动(4处)：Q1 C→D; Q9 C→B; Q10 C→B; F3 1→0 | 含噪声
90,D,C,A,C,A,B,B,A,C,C,1,1,1,B,C,核心匹配：气虚质 | 核心特征：Q1=D(疲劳气短) | 扰动(2处)：Q7 A→B; F3 0→1 | 含噪声
98,C,A,D,A,A,B,A,A,C,C,1,1,0,D,B,"核心匹配：阴虚质 | 核心特征：Q3=D(口干冷饮), Q10=C(二便状况) | 扰动(1处)：F3 1→0 | 含噪声"
99,C,A,D,A,B,B,A,A,C,C,1,1,1,D,C,"核心匹配：阴虚质 | 核心特征：Q3=D(口干冷饮), Q10=C(二便状况) | 扰动(1处)：Q5 A→B | 含噪声"
